image,caption
05-01-2024 Line Icons Library-01.png,Synergy of Medicine and Mechanics: Heartbeat Rhythm Meets Industrial Gears symbolizing the Fusion of Healthcare and Engineering in Modern Medical Technology
05-01-2024 Line Icons Library-02.png,Overlapping Circles: Minimalist Design of Interconnected Spheres
05-01-2024 Line Icons Library-03.png,Bold Number Five: Geometric Maze-like Representation in Light Blue
05-01-2024 Line Icons Library-04.png,Server Rack Icon: Simplified Depiction of Data Center Equipment
05-01-2024 Line Icons Library-05.png,Snow Globe Outline Stylized Icon with Hexagonal Crystal Inside
05-01-2024 Line Icons Library-06.png,Power Settings Gear and Lightning Bolt Symbol for System Configuration
05-01-2024 Line Icons Library-07.png,Document Layout Icon Minimalist representation of a text-filled page with various length lines simulating paragraphs and a folded corner suggesting a detailed report or article format
05-01-2024 Line Icons Library-08.png,Data Center Infrastructure Stylized illustration of server rack units featuring circular indicators and horizontal bars depicting multiple levels of networked hardware in a simplified geometric design
05-01-2024 Line Icons Library-09.png,Cybersecurity Emblem Shield-shaped icon with a prominent gear inside symbolizing the fusion of protective measures and system functionality in digital security protocols
05-01-2024 Line Icons Library-10.png,System Integration Schematic Abstract diagram showing interconnected shapes squares and circles  linked by lines representing the flow of data or processes in a technological ecosystem
05-01-2024 Line Icons Library-11.png,Advanced Search Interface Magnifying glass icon enclosing a pattern of short lines surrounded by filter options depicting a sophisticated data analysis or content exploration tool in a minimalist style
05-01-2024 Line Icons Library-12.png,Medical Dashboard Icon Simplified interface with a prominent square element possibly representing an imaging section alongside text-like lines and a clear EKG or heartbeat graph at the bottom 
05-01-2024 Line Icons Library-13.png,Urban Skyline and Communication Tower Stylized cityscape featuring a prominent antenna or communication tower on the left with varying heights of building silhouettes on the right
05-01-2024 Line Icons Library-14.png,System Integration Diagram Abstract representation of a networked system showing three square nodes on the left connected to a gear-like circular element on the right 
05-01-2024 Line Icons Library-15.png,Retro Television or Monitor Icon Minimalist depiction of an old-style TV or computer monitor characterized by a rectangular shape with two circular dials or buttons sitting atop a simple stand or base
05-01-2024 Line Icons Library-16.png,Alert Notification Interface Schematic of a user interface featuring text-like lines and a prominent triangular warning or alert symbol
05-01-2024 Line Icons Library-17.png,Flowchart Elements Abstract diagram featuring a circle square and triangle connected by lines suggesting a simplified process flow or relationship between different conceptual shapes
05-01-2024 Line Icons Library-18.png,Geometric Cityscape Stylized skyline composed of rectangular shapes of varying heights alongside a triangular form reminiscent of urban architecture or data visualization bars
05-01-2024 Line Icons Library-19.png,Schematic showing a square two circles and a partial gear shape interconnected by lines representing the concept of linking various components  in a technological system
05-01-2024 Line Icons Library-20.png, Simplified interface design with a prominent square element possibly representing an imaging section text-like lines and a clear EKG or heartbeat graph
05-01-2024 Line Icons Library-21.png, Abstract representation of an organizational chart or decision tree featuring connected squares and a triangle symbolizing different levels or stages in a structured process or system
05-01-2024 Line Icons Library-22.png, A simple pie chart icon with a slice removed showcasing data slice
05-01-2024 Line Icons Library-23.png,An icon depicting a gear or cog above a rectangular control panel with two circular buttons and a horizontal line
05-01-2024 Line Icons Library-24.png,A rectangular icon with two circular buttons and a horizontal line accompanied by a square and triangle shape below
05-01-2024 Line Icons Library-25.png,An icon representing a robotic face
05-01-2024 Line Icons Library-26.png,A rectangular icon  with two circular buttons and a horizontal line with a square and triangle shape connected below it by lines
05-01-2024 Line Icons Library-27.png,Bar chart with upward arrow icon
05-01-2024 Line Icons Library-28.png,Flowchart or workflow diagram icon
05-01-2024 Line Icons Library-29.png,Search or find icon within a square frame
05-01-2024 Line Icons Library-30.png, Partial gear with settings icon
05-01-2024 Line Icons Library-31.png,Form and  document layout icon
05-01-2024 Line Icons Library-32.png,Team performance with  growth icon on top
05-01-2024 Line Icons Library-33.png,Team meeting with  presentation icon at bottom
05-01-2024 Line Icons Library-34.png,Communication with messaging icon at bottom
05-01-2024 Line Icons Library-35.png,Currency with finance icon of dollar
05-01-2024 Line Icons Library-36.png,a white warning sign with a black and white icon
05-01-2024 Line Icons Library-37.png,A simplified icon representing a credit card or ID card with overlapping circles possibly indicating a contactless payment feature
05-01-2024 Line Icons Library-38.png,An icon depicting a hexagonal shape inside a circle positioned on top of a rectangular base resembling a simplified snow globe or crystal ball
05-01-2024 Line Icons Library-39.png,A stylized globe icon with latitude and longitude lines accompanied by a magnifying glass symbol suggesting global search or exploration
05-01-2024 Line Icons Library-40.png,An abstract representation of a delivery truck or van with forward-pointing arrows on the side indicating movement or direction
05-01-2024 Line Icons Library-41.png,A medical or health-related icon featuring a heart shape and an electrocardiogram  line possibly representing heart health monitoring
05-01-2024 Line Icons Library-42.png,A simplified icon of a magnifying glass with a sun or light symbol inside
05-01-2024 Line Icons Library-43.png,An abstract representation of a search or data analysis interface with a magnifying glass over text lines and circular elements above
05-01-2024 Line Icons Library-44.png,A stylized icon of a delivery truck with lines indicating movement or speed
05-01-2024 Line Icons Library-45.png,A minimalist icon depicting a layered or tiered structure possibly representing a cake or a hierarchical system
05-01-2024 Line Icons Library-46.png,An icon showing a cloud shape above a rectangular base with circular elements suggestive of cloud computing or storage
05-01-2024 Line Icons Library-47.png,a cloud icon
05-01-2024 Line Icons Library-48.png,a cloud with a gear wheel on top
05-01-2024 Line Icons Library-49.png,a cloud with a white background
05-01-2024 Line Icons Library-50.png,a clock with a graph on it
05-01-2024 Line Icons Library-51.png,A stylized brain icon composed of geometric shapes and lines which is sagemaker 
05-01-2024 Line Icons Library-52.png,A simplified outline of a speech bubble or thought bubble
05-01-2024 Line Icons Library-53.png,An abstract representation of a car or vehicle with wheels indicated by circles
05-01-2024 Line Icons Library-54.png,A diagram showing interconnected nodes resembling a simple organizational chart or network structure
05-01-2024 Line Icons Library-55.png,A layout combining a speech bubble icon horizontal lines and square shapes suggesting a user interface or content organization design
05-01-2024 Line Icons Library-56.png,A simplified outline of an thought bubble  with three square shapes below it
05-01-2024 Line Icons Library-57.png,Two sets of horizontal lines each accompanied by a circular checkmark icon
05-01-2024 Line Icons Library-58.png, Two four-pointed star shapes one larger and one smaller used with AI
05-01-2024 Line Icons Library-59.png,An upward-pointing arrow next to curved lines resembling a wifi or signal icon
05-01-2024 Line Icons Library-60.png,A play button icon triangle inside a circle
05-01-2024 Line Icons Library-61.png,A simplified icon of a wrench and gear likely representing tools or settings
05-01-2024 Line Icons Library-62.png,the logo for the new wireless home security system
05-01-2024 Line Icons Library-63.png,A stylized icon of a hand making a gripping or holding gesture
05-01-2024 Line Icons Library-64.png,An icon showing a document or form with a warning triangle suggesting an alert or important notice
05-01-2024 Line Icons Library-65.png, A minimalist icon combining a shield shape and bar graph elements possibly representing security or data protection
05-01-2024 Line Icons Library-66.png,This icon appears to represent a shield or protection symbol with a vertical rectangle next to it possibly indicating a security feature or firewall
05-01-2024 Line Icons Library-67.png,This icon depicts a gear or cog wheel commonly used to represent settings configurations or system preferences
05-01-2024 Line Icons Library-68.png,This icon shows a stylized representation of a server rack or data center with multiple levels and circular indicators likely symbolizing network infrastructure
05-01-2024 Line Icons Library-69.png,This icon combines a jagged line resembling a heartbeat or activity monitor with a partial gear wheel below it possibly representing system health monitoring or performance analytics
05-01-2024 Line Icons Library-70.png,This icon is a document or file symbol with horizontal lines suggesting text sitting above a cloud shape This  represent cloud storage cloud-based documents
05-01-2024 Line Icons Library-71.png,a white square with a square in the middle
05-01-2024 Line Icons Library-72.png,Simplified icons representing electronic devices or components like server
05-01-2024 Line Icons Library-73.png,An icon depicting a settings or configuration page with circular elements and a gear symbol
05-01-2024 Line Icons Library-74.png,A stylized icon of a wireless device or router showing signal waves emanating from a rectangular base
05-01-2024 Line Icons Library-75.png,An abstract icon combining a gear or cog element with an upward-pointing arrow possibly representing optimization or improvement
05-01-2024 Line Icons Library-76.png,A minimalist icon set showing a pencil or editing tool alongside a circular element containing text-like lines suggesting content creation or editing functionality
05-01-2024 Line Icons Library-77.png,A simple diagram of a graph with four circular nodes connected by lines
05-01-2024 Line Icons Library-78.png,Three vertical lines with circles attached resembling  simple pendulums
05-01-2024 Line Icons Library-79.png,An icon representing a document or file with text lines and a gear symbol at the bottom
05-01-2024 Line Icons Library-80.png,A simplified representation of a document or window with text lines at the top and rectangular shapes below
05-01-2024 Line Icons Library-81.png,A stylized eye or vision icon with rays emanating from it suggesting light or visibility
05-01-2024 Line Icons Library-82.png,a pen and paper with a pen on top
05-01-2024 Line Icons Library-83.png,cloud computing logo
05-01-2024 Line Icons Library-84.png,Cloud storage or cloud computing icon with a small workflow
05-01-2024 Line Icons Library-85.png,Settings or location pin icon inside a gear in white color
05-01-2024 Line Icons Library-86.png,Partial gear or settings icon with half security icon
05-01-2024 Line Icons Library-87.png,Geometric shapes squares and triangles connected by lines
05-01-2024 Line Icons Library-88.png,Simplified shield or security icon split in half showcasing security in cloud
05-01-2024 Line Icons Library-89.png,Document with shield icon  Represents security or protection for documents or information
05-01-2024 Line Icons Library-90.png,Search or magnifying glass icon  Indicates search functionality or data analysis
05-01-2024 Line Icons Library-91.png,Smiling gear or cog icon  Symbolizes settings configuration system optimization with a friendly interface
05-01-2024 Line Icons Library-92.png,Document with bar graph icon  Represents data visualization reporting or analytics
05-01-2024 Line Icons Library-93.png,Tree or arrow icon  Could symbolize growth nature environmentalism or upward progress depending on context
05-01-2024 Line Icons Library-94.png,Embracing collaboration and community this line icon symbolizes the power of teamwork
05-01-2024 Line Icons Library-95.png,Gears of creativity turning in harmony with the brain. A symbol of seamless integration between technology and thought
05-01-2024 Line Icons Library-96.png,icon showing Making connections through conversation as what is on your mind today
05-01-2024 Line Icons Library-97.png,Emphasizing precision and innovation this logo embodies the dynamic synergy of gears working together for seamless efficiency
05-01-2024 Line Icons Library-98.png,The harmonious contrast of the  flower against the white background creates a visual masterpiece reflecting AI efficiency
05-01-2024 Line Icons Library-99.png,A simple and elegant icon featuring two overlapping stars within a circle representing brightness and clarity of thought of agents
05-01-2024 Line Icons Library-100.png,An icon representing a technological document featuring a stylized circuit tree on a page symbolizing tech innovations and advancements